<puzzle>
    <header>
        <guid>1BE49E3A-50D9-4990-AFD9-FFA1D324D187</guid>
        <code family="02" variant="2" model="10x15" />
        <serialNumber>90600003</serialNumber>
        <formatVersion major="2" minor="0" />
        <builderVersion>8.23</builderVersion>
        <creationDate>2012-04-24T00:54:27Z</creationDate>
        <properties>
            <numeric name="width" value="10" unit="block" />
            <numeric name="height" value="15" unit="block" />
            <text name="name">Squirrel</text>
            <numeric name="difficulty" value="1" />
            <numeric name="colors" value="4" />
        </properties>
    </header>
    <data>
        <dimensions width="10" height="15" />
        <palette size="5">
            <color id="0" rgb="ffffff" />
            <color id="1" rgb="3398ff" />
            <color id="2" rgb="a06700" />
            <color id="3" rgb="000000" />
            <color id="4" rgb="00a000" />
        </palette>
        <solution>
            <path color="4">0 14 0 13 0 12 1 12 2 12 2 13 1 13</path>
            <path color="1">0 1 1 1 1 2 0 2 0 3</path>
            <path color="4">9 14 8 14 7 14 7 13 6 13</path>
            <path color="2">5 13 5 14 4 14 4 13 4 12</path>
            <path color="1">8 0 9 0 9 1 8 1 7 1 7 0 6 0</path>
            <path color="1">2 11 1 11 0 11 0 10</path>
            <path color="2">3 11 3 12 3 13</path>
            <path color="1">7 7 7 8 7 9 6 9</path>
            <path color="4">3 14 2 14 1 14</path>
            <path color="4">8 9 8 8 8 7 9 7</path>
            <path color="2">6 14</path>
            <path color="2">1 8</path>
            <path color="1">6 4</path>
            <path color="2">7 12</path>
            <path color="2">9 5</path>
            <path color="1">9 4</path>
            <path color="4">8 5</path>
            <path color="1">9 6</path>
            <path color="3">5 2</path>
            <path color="1">4 0</path>
            <path color="1">8 3</path>
            <path color="2">2 4 1 4 1 3</path>
            <path color="1">0 0 1 0 2 0 2 1 2 2 2 3</path>
            <path color="2">3 10 3 9 4 9 4 10 4 11 5 11 6 11 6 12 5 12</path>
            <path color="2">6 1 6 2 7 2</path>
            <path color="4">9 12 9 13 8 13 8 12</path>
            <path color="2">0 7 0 8 0 9 1 9 1 10 2 10 2 9</path>
            <path color="1">1 7 2 7 2 8</path>
            <path color="1">3 4 3 5 2 5 2 6</path>
            <path color="2">4 8 3 8 3 7 3 6</path>
            <path color="2">3 0 3 1 3 2</path>
            <path color="2">5 0 5 1 4 1</path>
            <path color="2">0 4 0 5 1 5 1 6 0 6</path>
            <path color="2">6 3 5 3 5 4 4 4 4 3 3 3</path>
            <path color="1">8 10 7 10 7 11 8 11 9 11 9 10 9 9 9 8</path>
            <path color="2">6 8 6 7 6 6 5 6 5 5 6 5 7 5 7 6 8 6</path>
            <path color="2">6 10 5 10 5 9 5 8 5 7 4 7 4 6 4 5</path>
        </solution>
    </data>
</puzzle>