<!DOCTYPE puzzle PUBLIC "-//conceptispuzzles.com//DTD XHTML 1.1 plus Target 1.0//EN" "dtd/xhtml11-target.dtd">
<puzzle>
	<header>
		<guid>FD7D4CCE-4F8D-4FCF-81A3-6A7DC6DAE224</guid>
		<code family="02" variant="0" model="15x15" />
		<serialNumber>90000000</serialNumber>
		<formatVersion major="2" minor="0" />
		<builderVersion>8.21</builderVersion>
		<creationDate>2007-05-07T01:50:00Z</creationDate>
		<properties>
			<numeric name="width" value="15" unit="block" />
			<numeric name="height" value="15" unit="block" />
			<text name="name">Unicorn</text>
			<numeric name="difficulty" value="1" />
		</properties>
	</header>
	<data>
		<dimensions width="15" height="15" />
		<palette size="2">
			<color id="0" rgb="ffffff" />
			<color id="1" rgb="000000" />
		</palette>
		<solution>
			<path color="1">1 3 1 2 0 2 0 3</path>
			<path color="1">14 10 14 9 14 8 13 8 12 8 12 9 13 9</path>
			<path color="1">14 12 14 11 13 11 13 12 13 13 14 13</path>
			<path color="1">7 1 7 2 6 2 6 1</path>
			<path color="1">6 0 5 0 5 1</path>
			<path color="1">10 5 10 6</path>
			<path color="1">11 7 11 8 11 9</path>
			<path color="1">8 3 7 3</path>
			<path color="1">3 14 3 13</path>
			<path color="1">0 1 0 0</path>
			<path color="1">11 2</path>
			<path color="1">4 12</path>
			<path color="1">4 3</path>
			<path color="1">13 10</path>
			<path color="1">12 5</path>
			<path color="1">9 2</path>
			<path color="1">5 4</path>
			<path color="1">3 2</path>
			<path color="1">7 4</path>
			<path color="1">3 7</path>
			<path color="1">8 5</path>
			<path color="1">12 1</path>
			<path color="1">10 12 10 11 11 11 11 12</path>
			<path color="1">7 11 6 11 5 11</path>
			<path color="1">14 7 14 6 14 5 14 4</path>
			<path color="1">2 11 2 10 2 9</path>
			<path color="1">2 0 3 0 4 0</path>
			<path color="1">5 6 4 6 3 6 2 6</path>
			<path color="1">0 4 1 4 2 4</path>
			<path color="1">0 5 1 5 2 5 3 5 4 5</path>
			<path color="1">10 3 11 3 12 3 13 3</path>
			<path color="1">7 14 7 13 8 13 8 14</path>
			<path color="1">14 14 13 14 12 14 12 13 11 13 10 13 10 14 11 14</path>
			<path color="1">1 8 1 9 1 10 1 11 1 12 1 13 1 14</path>
			<path color="1">0 7 0 8 0 9 0 10 0 11 0 12 0 13 0 14</path>
			<path color="1">8 12 7 12 6 12 6 13 6 14 5 14 5 13</path>
			<path color="1">9 7 9 6 9 5 9 4 10 4 11 4</path>
			<path color="1">8 0 9 0 10 0 10 1 9 1</path>
			<path color="1">14 0 14 1 14 2</path>
			<path color="1">11 0 12 0 13 0</path>
		</solution>
	</data>
</puzzle>