<puzzle>
    <header>
        <guid>9A07FA72-062F-4F00-A6FD-3201275C3E25</guid>
        <code family="02" variant="0" model="15x23" />
        <serialNumber>90600006</serialNumber>
        <formatVersion major="2" minor="0" />
        <builderVersion>8.23</builderVersion>
        <creationDate>2012-04-22T18:11:32Z</creationDate>
        <properties>
            <numeric name="width" value="15" unit="block" />
            <numeric name="height" value="23" unit="block" />
            <text name="name">Home</text>
            <numeric name="difficulty" value="1" />
        </properties>
    </header>
    <data>
        <dimensions width="15" height="23" />
        <palette size="2">
            <color id="0" rgb="ffffff" />
            <color id="1" rgb="000000" />
        </palette>
        <solution>
            <path color="1">2 16 2 15 1 15 1 16 1 17 2 17 2 18 2 19 3 19</path>
            <path color="1">3 18 4 18 5 18 5 19 6 19 7 19 8 19 8 20 8 21</path>
            <path color="1">3 1 3 0 2 0 2 1 1 1 0 1 0 2 0 3 1 3</path>
            <path color="1">12 7 11 7 10 7 10 6 9 6 9 5 8 5 8 4 7 4</path>
            <path color="1">6 4 5 4 5 5 4 5 4 6 4 7 3 7 2 7 1 7</path>
            <path color="1">14 12 14 11 13 11 13 10 13 9 14 9 14 8 14 7 14 6</path>
            <path color="1">11 3 12 3 13 3</path>
            <path color="1">3 11 3 12 2 12 2 11</path>
            <path color="1">3 20 4 20 4 19</path>
            <path color="1">11 16 12 16 13 16 13 17</path>
            <path color="1">7 21 7 22 8 22</path>
            <path color="1">7 0 7 1 7 2</path>
            <path color="1">13 1 13 0 14 0</path>
            <path color="1">3 5 3 6</path>
            <path color="1">1 4 0 4</path>
            <path color="1">12 21 11 21</path>
            <path color="1">5 1 5 2</path>
            <path color="1">7 14 7 13</path>
            <path color="1">7 16 7 17</path>
            <path color="1">6 17 6 18</path>
            <path color="1">3 10 2 10</path>
            <path color="1">3 16 3 15</path>
            <path color="1">13 14 14 14</path>
            <path color="1">12 18 11 18</path>
            <path color="1">1 22 0 22</path>
            <path color="1">7 20 6 20</path>
            <path color="1">1 0 0 0</path>
            <path color="1">0 19</path>
            <path color="1">4 15</path>
            <path color="1">0 5</path>
            <path color="1">11 6</path>
            <path color="1">9 4</path>
            <path color="1">4 4</path>
            <path color="1">2 6</path>
            <path color="1">6 22</path>
            <path color="1">13 8</path>
            <path color="1">11 22</path>
            <path color="1">9 15</path>
            <path color="1">9 1</path>
            <path color="1">0 21</path>
            <path color="1">4 22</path>
            <path color="1">13 12</path>
            <path color="1">9 21</path>
            <path color="1">14 10</path>
            <path color="1">10 5</path>
            <path color="1">3 2</path>
            <path color="1">8 16 8 15 8 14 8 13 8 12 7 12 6 12 6 13 6 14 5 14</path>
            <path color="1">5 13 5 12 5 11 5 10</path>
            <path color="1">14 1 14 2 14 3 14 4 13 4 12 4</path>
            <path color="1">14 5 13 5</path>
            <path color="1">14 22 14 21 14 20 14 19</path>
            <path color="1">7 5 6 5 6 6</path>
            <path color="1">12 17 11 17 10 17 10 16 10 15 11 15 12 15 13 15 14 15 14 16</path>
            <path color="1">12 0 11 0 10 0 9 0 8 0 8 1 8 2 9 2 10 2 11 2</path>
            <path color="1">2 3 2 2 1 2</path>
            <path color="1">3 21 3 22 2 22 2 21</path>
            <path color="1">11 11 11 12 10 12</path>
            <path color="1">11 10 10 10 10 11</path>
            <path color="1">1 18 0 18 0 17 0 16 0 15 0 14</path>
            <path color="1">8 6 8 7 9 7</path>
            <path color="1">7 6 7 7 6 7 5 7 5 6</path>
            <path color="1">0 8 0 9 0 10 0 11 0 12</path>
            <path color="1">8 9 8 10 8 11</path>
            <path color="1">5 9 6 9 7 9</path>
        </solution>
    </data>
</puzzle>