<puzzle>
    <header>
        <guid>62C8387F-8861-4B73-82DC-8324507A6A34</guid>
        <code family="02" variant="2" model="15x23" />
        <serialNumber>90600006</serialNumber>
        <formatVersion major="2" minor="0" />
        <builderVersion>8.23</builderVersion>
        <creationDate>2012-04-24T01:03:09Z</creationDate>
        <properties>
            <numeric name="width" value="15" unit="block" />
            <numeric name="height" value="23" unit="block" />
            <text name="name">Superhero</text>
            <numeric name="difficulty" value="1" />
            <numeric name="colors" value="5" />
        </properties>
    </header>
    <data>
        <dimensions width="15" height="23" />
        <palette size="6">
            <color id="0" rgb="ffffff" />
            <color id="1" rgb="3398ff" />
            <color id="2" rgb="ff150e" />
            <color id="3" rgb="000000" />
            <color id="4" rgb="ef9a50" />
            <color id="5" rgb="ffdc00" />
        </palette>
        <solution>
            <path color="1">9 19 9 18 8 18 8 17 7 17 6 17 5 17 5 18 5 19</path>
            <path color="3">6 4 7 4 7 5 8 5 8 6 8 7 9 7 9 8 9 9</path>
            <path color="1">11 5 12 5 13 5 13 6 13 7 14 7 14 6 14 5 14 4</path>
            <path color="5">9 10 9 11 10 11 10 12 10 13 11 13 11 14 12 14 12 15</path>
            <path color="1">1 5 2 5 2 4 1 4 0 4 0 5 0 6 0 7 0 8</path>
            <path color="5">3 11 4 11 4 12 3 12 2 12 2 13 3 13 4 13 5 13</path>
            <path color="2">13 17 12 17 12 18 13 18 13 19 13 20 13 21 12 21 12 22</path>
            <path color="1">6 19 7 19 7 18 6 18</path>
            <path color="2">12 10 12 11 11 11 11 10 10 10 10 9</path>
            <path color="1">10 8 10 7 10 6 11 6 12 6</path>
            <path color="1">5 2 4 2 3 2 3 3</path>
            <path color="5">13 14 13 15 13 16 12 16</path>
            <path color="1">3 15 3 16 4 16 4 15 4 14</path>
            <path color="1">1 0 0 0 0 1 1 1</path>
            <path color="2">11 18 11 17</path>
            <path color="1">0 9 1 9 1 8</path>
            <path color="3">6 10 6 11 5 11</path>
            <path color="3">12 7 11 7</path>
            <path color="5">11 8 11 9</path>
            <path color="1">12 8 12 9</path>
            <path color="3">13 8 14 8</path>
            <path color="1">2 0 3 0 4 0</path>
            <path color="5">13 9 13 10</path>
            <path color="4">5 10 4 10</path>
            <path color="2">12 19 12 20 11 20</path>
            <path color="1">0 3 1 3 2 3</path>
            <path color="1">4 18 4 19 3 19</path>
            <path color="4">6 7 5 7</path>
            <path color="1">11 21 11 22</path>
            <path color="1">6 16 5 16</path>
            <path color="1">3 10</path>
            <path color="4">3 9</path>
            <path color="1">3 8</path>
            <path color="2">0 17</path>
            <path color="2">7 1</path>
            <path color="2">2 15</path>
            <path color="3">9 6</path>
            <path color="5">10 14</path>
            <path color="1">10 1</path>
            <path color="3">5 8</path>
            <path color="5">12 13</path>
            <path color="1">10 18 10 17 9 17</path>
            <path color="1">11 15 11 16 10 16</path>
            <path color="3">3 6 3 7</path>
            <path color="1">14 12 14 11 13 11</path>
            <path color="1">14 9 14 10</path>
            <path color="2">11 4 12 4 12 3</path>
            <path color="2">3 5 3 4 4 4 4 3 5 3 5 4</path>
            <path color="1">8 21 7 21 6 21 5 21</path>
            <path color="5">1 15 1 14 2 14 3 14</path>
            <path color="1">11 12 12 12 13 12 13 13 14 13 14 14 14 15 14 16 14 17 14 18</path>
            <path color="4">4 7 4 8 4 9 5 9 6 9 7 9 7 10 8 10 8 9 8 8</path>
            <path color="1">2 11 1 11 1 10 2 10 2 9 2 8 2 7 1 7 1 6 2 6</path>
            <path color="4">7 11 7 12 6 12 5 12</path>
            <path color="5">6 13 7 13 8 13 8 12 8 11</path>
            <path color="5">9 13 9 12</path>
            <path color="1">8 19 8 20 9 20 9 21 9 22 10 22 10 21 10 20 10 19 11 19</path>
            <path color="2">4 17 3 17 3 18 2 18 2 17 2 16 1 16 1 17 1 18</path>
            <path color="1">0 18 0 19 0 20 0 21</path>
            <path color="1">14 19 14 20 14 21 14 22 13 22</path>
            <path color="3">4 5 4 6 5 6 5 5 6 5 6 6 7 6 7 7 7 8</path>
            <path color="1">0 10 0 11 0 12 1 12 1 13 0 13 0 14 0 15 0 16</path>
            <path color="1">8 22 7 22 6 22 5 22 4 22 3 22 2 22 1 22 0 22</path>
            <path color="2">10 4 10 3 11 3 11 2 12 2 13 2 14 2 14 3 13 3 13 4</path>
            <path color="2">6 3 6 2 7 2 7 3 8 3 8 2 8 1 9 1 9 2 10 2</path>
            <path color="1">5 0 6 0 7 0 8 0 9 0 10 0 11 0 11 1 12 1</path>
            <path color="1">6 1 5 1</path>
            <path color="2">8 4 9 4 9 3</path>
            <path color="2">9 5 10 5</path>
            <path color="1">1 19 1 20</path>
            <path color="1">3 20 2 20 2 19</path>
            <path color="1">10 15 9 15 8 15</path>
            <path color="1">9 14 8 14 7 14 6 14 5 14</path>
            <path color="2">13 1 14 1 14 0 13 0 12 0</path>
        </solution>
    </data>
</puzzle>