<puzzle>
    <header>
        <guid>21BE39CD-152E-474B-97A8-2BB0A1CDAB5D</guid>
        <code family="02" variant="0" model="15x23" />
        <serialNumber>90600005</serialNumber>
        <formatVersion major="2" minor="0" />
        <builderVersion>8.23</builderVersion>
        <creationDate>2012-04-22T18:11:09Z</creationDate>
        <properties>
            <numeric name="width" value="15" unit="block" />
            <numeric name="height" value="23" unit="block" />
            <text name="name">Dinosaur</text>
            <numeric name="difficulty" value="1" />
        </properties>
    </header>
    <data>
        <dimensions width="15" height="23" />
        <palette size="2">
            <color id="0" rgb="ffffff" />
            <color id="1" rgb="000000" />
        </palette>
        <solution>
            <path color="1">7 5 8 5 8 4 7 4 6 4 6 5 5 5 4 5 3 5</path>
            <path color="1">2 5 1 5 0 5 0 6 0 7 1 7 1 8 1 9 1 10</path>
            <path color="1">4 3 3 3 3 2 4 2 4 1 4 0 5 0 6 0 7 0</path>
            <path color="1">8 0 9 0 10 0 10 1 11 1 11 2 12 2 13 2 13 3</path>
            <path color="1">12 12 11 12 10 12 10 11 10 10 11 10 11 9 11 8 11 7</path>
            <path color="1">2 12 1 12</path>
            <path color="1">9 20 9 21 10 21 10 20 10 19 9 19</path>
            <path color="1">12 21 13 21 13 20 12 20 11 20</path>
            <path color="1">1 21 2 21 2 20 1 20 0 20</path>
            <path color="1">6 11 5 11 4 11</path>
            <path color="1">11 18 11 17 10 17 10 18</path>
            <path color="1">6 22 7 22 8 22</path>
            <path color="1">12 11 11 11</path>
            <path color="1">14 9 14 8 14 7</path>
            <path color="1">7 7 6 7 6 6</path>
            <path color="1">5 3 5 4 4 4</path>
            <path color="1">0 4 1 4</path>
            <path color="1">1 19 1 18</path>
            <path color="1">5 17 5 16</path>
            <path color="1">11 5 12 5</path>
            <path color="1">11 4 10 4</path>
            <path color="1">4 6 5 6</path>
            <path color="1">5 10 4 10</path>
            <path color="1">7 18 8 18</path>
            <path color="1">7 19 6 19</path>
            <path color="1">14 19 14 20</path>
            <path color="1">13 18 13 17</path>
            <path color="1">8 8 9 8</path>
            <path color="1">5 1</path>
            <path color="1">11 22</path>
            <path color="1">4 19</path>
            <path color="1">14 22</path>
            <path color="1">9 6</path>
            <path color="1">2 2</path>
            <path color="1">7 15</path>
            <path color="1">5 21</path>
            <path color="1">6 2</path>
            <path color="1">3 22</path>
            <path color="1">1 16</path>
            <path color="1">8 17</path>
            <path color="1">0 21</path>
            <path color="1">3 1</path>
            <path color="1">8 2</path>
            <path color="1">3 14</path>
            <path color="1">13 12</path>
            <path color="1">4 17</path>
            <path color="1">12 19</path>
            <path color="1">5 18 4 18 3 18 3 19 3 20 4 20 5 20 6 20 7 20 8 20</path>
            <path color="1">7 6 8 6 8 7 9 7 10 7 10 8 10 9 9 9 9 10 9 11</path>
            <path color="1">0 10 0 9 0 8</path>
            <path color="1">11 0 12 0 12 1</path>
            <path color="1">14 0 14 1 13 1 13 0</path>
            <path color="1">3 13 2 13 1 13</path>
            <path color="1">12 3 12 4 13 4 13 5 13 6 14 6 14 5 14 4 14 3 14 2</path>
            <path color="1">7 1 8 1 9 1 9 2 10 2</path>
            <path color="1">7 3 8 3 9 3</path>
            <path color="1">3 7 3 6</path>
            <path color="1">1 6 2 6 2 7 2 8</path>
            <path color="1">0 14 0 13 0 12 0 11 1 11</path>
            <path color="1">6 12 5 12</path>
            <path color="1">6 13 6 14 6 15 6 16</path>
            <path color="1">0 0 1 0</path>
            <path color="1">0 3 0 2 0 1</path>
        </solution>
    </data>
</puzzle>