<puzzle>
    <header>
        <guid>A8963BE3-5505-4743-9FB4-C646D8221645</guid>
        <code family="02" variant="2" model="15x23" />
        <serialNumber>90600007</serialNumber>
        <formatVersion major="2" minor="0" />
        <builderVersion>8.23</builderVersion>
        <creationDate>2012-04-24T01:04:18Z</creationDate>
        <properties>
            <numeric name="width" value="15" unit="block" />
            <numeric name="height" value="23" unit="block" />
            <text name="name">Girl</text>
            <numeric name="difficulty" value="1" />
            <numeric name="colors" value="4" />
        </properties>
    </header>
    <data>
        <dimensions width="15" height="23" />
        <palette size="5">
            <color id="0" rgb="ffffff" />
            <color id="1" rgb="000000" />
            <color id="2" rgb="a06700" />
            <color id="3" rgb="ff150e" />
            <color id="4" rgb="ffb5ca" />
        </palette>
        <solution>
            <path color="1">3 18 3 19 2 19 2 20 1 20 0 20 0 21 0 22 1 22</path>
            <path color="1">13 7 14 7 14 8 13 8 13 9 13 10 12 10 11 10 11 11</path>
            <path color="1">3 11 3 10 4 10 4 11 4 12 3 12 2 12 1 12 1 13</path>
            <path color="4">5 15 6 15 6 14 7 14 8 14 8 13 8 12 9 12 10 12</path>
            <path color="1">5 22 6 22 7 22 7 21 7 20 6 20 6 19 6 18 6 17</path>
            <path color="2">2 3 2 4</path>
            <path color="1">10 7 9 7 9 6 8 6 8 5</path>
            <path color="1">9 10 10 10 10 11 9 11 8 11 8 10</path>
            <path color="2">10 5 10 6</path>
            <path color="1">1 0 1 1 2 1 2 0 3 0</path>
            <path color="4">8 15 8 16 9 16</path>
            <path color="1">14 9 14 10</path>
            <path color="1">0 17 0 18 0 19 1 19</path>
            <path color="4">4 7 4 8 4 9</path>
            <path color="2">9 4 9 3 9 2</path>
            <path color="1">12 22 13 22 14 22</path>
            <path color="4">9 14 10 14 11 14</path>
            <path color="4">2 13 3 13</path>
            <path color="1">2 14 3 14</path>
            <path color="1">10 19 10 20</path>
            <path color="1">8 21 8 22</path>
            <path color="1">11 9 12 9</path>
            <path color="1">0 4 0 3</path>
            <path color="1">2 21 1 21</path>
            <path color="1">10 2 10 3</path>
            <path color="1">12 13 12 14</path>
            <path color="1">6 21 5 21</path>
            <path color="1">14 17 14 18</path>
            <path color="1">7 19</path>
            <path color="4">12 15</path>
            <path color="4">6 16</path>
            <path color="1">5 16</path>
            <path color="4">4 16</path>
            <path color="4">2 16</path>
            <path color="4">5 14</path>
            <path color="1">13 20</path>
            <path color="1">3 4</path>
            <path color="3">3 3</path>
            <path color="3">2 2</path>
            <path color="1">11 21</path>
            <path color="1">3 20</path>
            <path color="4">1 14</path>
            <path color="1">7 3</path>
            <path color="3">10 4</path>
            <path color="1">14 6</path>
            <path color="1">5 3</path>
            <path color="1">7 6</path>
            <path color="3">9 5</path>
            <path color="3">6 5</path>
            <path color="4">7 15</path>
            <path color="1">12 8</path>
            <path color="1">1 8 2 8</path>
            <path color="4">11 22 10 22 9 22</path>
            <path color="1">5 6 4 6 3 6 2 6</path>
            <path color="1">3 7 2 7 1 7</path>
            <path color="1">11 12 11 13 10 13 9 13</path>
            <path color="4">2 15 3 15 4 15 4 14 4 13 5 13 6 13 6 12 7 12 7 13</path>
            <path color="1">13 21 12 21 12 20 11 20 11 19 11 18 10 18 9 18 9 17 10 17</path>
            <path color="1">12 11 12 12 13 12 13 13 13 14 14 14 14 13 14 12 14 11 13 11</path>
            <path color="1">11 4 11 5 11 6</path>
            <path color="4">4 22 3 22 2 22</path>
            <path color="1">0 0 0 1 0 2 1 2 1 3 1 4 1 5 2 5 3 5 4 5</path>
            <path color="1">10 1 11 1 11 2 11 3 12 3 12 2 12 1 13 1 14 1 14 0</path>
            <path color="1">1 15 0 15 0 16 1 16 1 17 1 18 2 18 2 17 3 17 3 16</path>
            <path color="1">14 21 14 20 14 19 13 19 13 18 13 17 13 16 14 16 14 15 13 15</path>
            <path color="1">9 15 10 15 10 16 11 16 11 15</path>
            <path color="1">11 17 12 17 12 16</path>
            <path color="1">12 19 12 18</path>
            <path color="4">5 12 5 11 5 10 6 10 6 9 5 9</path>
            <path color="1">13 0 12 0 11 0 10 0 9 0</path>
            <path color="2">8 0 8 1 9 1</path>
            <path color="1">2 11 1 11 0 11 0 12 0 13 0 14</path>
            <path color="1">14 2 14 3 14 4 13 4 13 3 13 2</path>
            <path color="2">3 1 3 2</path>
            <path color="2">4 1 5 1 6 1</path>
            <path color="2">4 0 5 0 6 0 7 0</path>
            <path color="4">8 9 8 8 8 7</path>
            <path color="4">7 9 7 10 7 11 6 11</path>
        </solution>
    </data>
</puzzle>