<puzzle>
    <header>
        <guid>211DA783-7C31-4808-A08E-209B5F663BB3</guid>
        <code family="02" variant="0" model="20x30" />
        <serialNumber>90600012</serialNumber>
        <formatVersion major="2" minor="0" />
        <builderVersion>8.23</builderVersion>
        <creationDate>2012-04-22T18:53:07Z</creationDate>
        <properties>
            <numeric name="width" value="20" unit="block" />
            <numeric name="height" value="30" unit="block" />
            <text name="name">Mohawk</text>
            <numeric name="difficulty" value="2" />
        </properties>
    </header>
    <data>
        <dimensions width="20" height="30" />
        <palette size="2">
            <color id="0" rgb="ffffff" />
            <color id="1" rgb="000000" />
        </palette>
        <solution>
            <path color="1">0 25 1 25 1 26 2 26 2 27 3 27 4 27 5 27 6 27</path>
            <path color="1">14 8 14 7 13 7 13 8 12 8 12 9 11 9 11 10 11 11</path>
            <path color="1">7 1 7 2 6 2 6 1 6 0 5 0 4 0 3 0 2 0</path>
            <path color="1">1 0 0 0 0 1 1 1 2 1 2 2 3 2 3 3 3 4</path>
            <path color="1">6 14 5 14 5 15 6 15 6 16 7 16 7 17 7 18 7 19</path>
            <path color="1">17 1 18 1 18 0 17 0 16 0 16 1 16 2 16 3 15 3</path>
            <path color="1">15 26 16 26 16 25 17 25 18 25 18 26 19 26 19 27 19 28</path>
            <path color="1">14 26 14 27 15 27 15 28 15 29 16 29 17 29 18 29 19 29</path>
            <path color="1">16 9 17 9 18 9 18 10 19 10 19 11 19 12 19 13 19 14</path>
            <path color="1">12 3 12 2 12 1 11 1 11 0 10 0 9 0 8 0 7 0</path>
            <path color="1">19 23 19 24 18 24 18 23 18 22 19 22 19 21 19 20 19 19</path>
            <path color="1">3 10 3 9 3 8 2 8</path>
            <path color="1">16 21 17 21 18 21</path>
            <path color="1">10 19 10 18</path>
            <path color="1">0 21 1 21 1 22 0 22 0 23</path>
            <path color="1">11 13 11 14</path>
            <path color="1">9 16 10 16 11 16</path>
            <path color="1">19 5 19 6 18 6 18 5</path>
            <path color="1">4 2 5 2 5 1 4 1 3 1</path>
            <path color="1">15 16 16 16</path>
            <path color="1">5 22 5 21 6 21 6 22</path>
            <path color="1">6 13 6 12 6 11</path>
            <path color="1">16 15 17 15</path>
            <path color="1">0 2 1 2</path>
            <path color="1">11 21 10 21</path>
            <path color="1">13 5 13 4 13 3</path>
            <path color="1">16 6 16 5 16 4</path>
            <path color="1">15 13 16 13 17 13</path>
            <path color="1">6 17 6 18 6 19</path>
            <path color="1">12 18 12 19 12 20</path>
            <path color="1">6 8 6 7 6 6</path>
            <path color="1">9 21 9 20</path>
            <path color="1">17 10 16 10 15 10</path>
            <path color="1">4 9 4 10 4 11</path>
            <path color="1">7 27 7 28</path>
            <path color="1">8 28 8 29</path>
            <path color="1">19 8 19 9</path>
            <path color="1">5 17 5 16</path>
            <path color="1">11 2 11 3</path>
            <path color="1">12 27 13 27</path>
            <path color="1">18 18 18 19</path>
            <path color="1">17 2 17 3</path>
            <path color="1">12 23 13 23</path>
            <path color="1">13 24 14 24</path>
            <path color="1">14 25 15 25</path>
            <path color="1">4 25 5 25</path>
            <path color="1">19 15 19 16</path>
            <path color="1">9 3 9 4</path>
            <path color="1">13 11 13 12</path>
            <path color="1">4 19 4 18</path>
            <path color="1">3 19 3 20</path>
            <path color="1">2 20 2 21</path>
            <path color="1">9 17 8 17</path>
            <path color="1">11 26 10 26</path>
            <path color="1">12 17 11 17</path>
            <path color="1">18 27 18 28</path>
            <path color="1">8 25 9 25</path>
            <path color="1">19 3 19 4</path>
            <path color="1">2 9</path>
            <path color="1">5 23</path>
            <path color="1">1 6</path>
            <path color="1">7 7</path>
            <path color="1">4 22</path>
            <path color="1">7 4</path>
            <path color="1">12 0</path>
            <path color="1">5 10</path>
            <path color="1">2 12</path>
            <path color="1">17 22</path>
            <path color="1">10 1</path>
            <path color="1">15 4</path>
            <path color="1">11 20</path>
            <path color="1">2 14</path>
            <path color="1">4 4</path>
            <path color="1">13 9</path>
            <path color="1">12 4</path>
            <path color="1">1 18</path>
            <path color="1">5 7</path>
            <path color="1">0 10</path>
            <path color="1">19 25</path>
            <path color="1">19 0</path>
            <path color="1">16 20</path>
            <path color="1">2 3</path>
            <path color="1">18 11</path>
            <path color="1">14 28</path>
            <path color="1">17 24</path>
            <path color="1">9 29</path>
            <path color="1">0 11 0 12 1 12 1 11</path>
            <path color="1">3 13 2 13 1 13 0 13</path>
            <path color="1">10 11 9 11 9 10 8 10 7 10 7 11 7 12 7 13 7 14 7 15</path>
            <path color="1">11 12 12 12 12 11 12 10 13 10 14 10 14 9 15 9 15 8 16 8</path>
            <path color="1">2 25 2 24 3 24 3 25 3 26</path>
            <path color="1">1 8 1 7 2 7</path>
            <path color="1">2 4 2 5 1 5 1 4 1 3 0 3 0 4 0 5 0 6 0 7</path>
            <path color="1">0 26 0 27 0 28 0 29</path>
            <path color="1">1 27 1 28</path>
            <path color="1">10 5 10 6</path>
            <path color="1">9 5 8 5 8 4</path>
            <path color="1">5 5 4 5 3 5</path>
            <path color="1">5 6 4 6</path>
            <path color="1">7 20 7 21</path>
            <path color="1">8 18 8 19 8 20</path>
            <path color="1">8 14 8 13</path>
            <path color="1">0 24 1 24 1 23 2 23 3 23 4 23 4 24 5 24 6 24 7 24</path>
            <path color="1">17 26 17 27 17 28 16 28 16 27</path>
            <path color="1">6 3 7 3 8 3 8 2</path>
            <path color="1">11 8 11 7 12 7</path>
            <path color="1">8 11 8 12 9 12 10 12 10 13 9 13</path>
            <path color="1">15 0 15 1 15 2</path>
            <path color="1">14 0 14 1</path>
            <path color="1">1 16 2 16 3 16</path>
            <path color="1">2 17 1 17</path>
            <path color="1">10 10 10 9 9 9 8 9</path>
            <path color="1">10 8 9 8</path>
            <path color="1">0 19 0 18 0 17 0 16 0 15</path>
        </solution>
    </data>
</puzzle>