<puzzle>
    <header>
        <guid>B7ECA336-4DA1-4BA8-9019-FF860794ED8B</guid>
        <code family="02" variant="0" model="5x10" />
        <serialNumber>90600000</serialNumber>
        <formatVersion major="2" minor="0" />
        <builderVersion>8.23</builderVersion>
        <creationDate>2012-04-22T18:04:41Z</creationDate>
        <properties>
            <numeric name="width" value="5" unit="block" />
            <numeric name="height" value="10" unit="block" />
            <text name="name">Cat</text>
            <numeric name="difficulty" value="1" />
        </properties>
    </header>
    <data>
        <dimensions width="5" height="10" />
        <palette size="2">
            <color id="0" rgb="ffffff" />
            <color id="1" rgb="000000" />
        </palette>
        <solution>
            <path color="1">4 9 4 8 3 8 3 7 3 6 4 6 4 7</path>
            <path color="1">1 7 1 8</path>
            <path color="1">3 0</path>
            <path color="1">0 3 0 2 0 1 0 0</path>
            <path color="1">3 9 2 9 1 9 0 9</path>
            <path color="1">3 3 3 2 3 1</path>
            <path color="1">1 6 2 6 2 7</path>
            <path color="1">1 4 1 5 2 5 3 5</path>
            <path color="1">2 4 2 3 1 3 1 2 1 1 2 1 2 2</path>
        </solution>
    </data>
</puzzle>