<puzzle>
    <header>
        <guid>1D2ED7E7-885D-4C13-9547-96F2EE3DA49C</guid>
        <code family="02" variant="2" model="5x10" />
        <serialNumber>90600000</serialNumber>
        <formatVersion major="2" minor="0" />
        <builderVersion>8.23</builderVersion>
        <creationDate>2012-04-24T00:51:35Z</creationDate>
        <properties>
            <numeric name="width" value="5" unit="block" />
            <numeric name="height" value="10" unit="block" />
            <text name="name">Mermaid</text>
            <numeric name="difficulty" value="1" />
            <numeric name="colors" value="4" />
        </properties>
    </header>
    <data>
        <dimensions width="5" height="10" />
        <palette size="5">
            <color id="0" rgb="ffffff" />
            <color id="1" rgb="ef9a50" />
            <color id="2" rgb="000000" />
            <color id="3" rgb="3398ff" />
            <color id="4" rgb="00a000" />
        </palette>
        <solution>
            <path color="2">4 1 4 2 3 2 3 1 2 1 2 0 1 0</path>
            <path color="4">3 8 3 9 2 9 2 8 1 8 0 8 0 7 1 7 1 6</path>
            <path color="4">3 7 3 6 4 6 4 7 4 8</path>
            <path color="3">1 3 1 2 0 2 0 1</path>
            <path color="3">4 9</path>
            <path color="1">1 1</path>
            <path color="3">4 0</path>
            <path color="2">3 0</path>
            <path color="3">0 9</path>
            <path color="4">1 9</path>
            <path color="3">4 3</path>
            <path color="1">0 3</path>
            <path color="1">0 0</path>
            <path color="1">2 2 2 3 2 4 1 4</path>
            <path color="1">4 4 4 5 3 5 3 4 3 3</path>
            <path color="3">0 4 0 5 0 6</path>
            <path color="3">2 7 2 6 2 5 1 5</path>
        </solution>
    </data>
</puzzle>